name,type,sql
Track,table,"CREATE TABLE [Track]
(
    [TrackId] INTEGER  NOT NULL,
    [Name] NVARCHAR(200)  NOT NULL,
    [AlbumId] INTEGER,
    [MediaTypeId] INTEGER  NOT NULL,
    [GenreId] INTEGER,
    [Composer] NVARCHAR(220),
    [Milliseconds] INTEGER  NOT NULL,
    [Bytes] INTEGER,
    [UnitPrice] NUMERIC(10,2)  NOT NULL,
    CONSTRAINT [PK_Track] PRIMARY KEY  ([TrackId]),
    FOREIGN KEY ([AlbumId]) REFERENCES [Album] ([AlbumId]) 
		ON DELETE NO ACTION ON UPDATE NO ACTION,
    FOREIGN KEY ([GenreId]) REFERENCES [Genre] ([GenreId]) 
		ON DELETE NO ACTION ON UPDATE NO ACTION,
    FOREIGN KEY ([MediaTypeId]) REFERENCES [MediaType] ([MediaTypeId]) 
		ON DELETE NO ACTION ON UPDATE NO ACTION
)"
