name,sql
InvoiceLine,"CREATE TABLE [InvoiceLine]
(
    [InvoiceLineId] INTEGER  NOT NULL,
    [InvoiceId] INTEGER  NOT NULL,
    [TrackId] INTEGER  NOT NULL,
    [UnitPrice] NUMERIC(10,2)  NOT NULL,
    [Quantity] INTEGER  NOT NULL,
    CONSTRAINT [PK_InvoiceLine] PRIMARY KEY  ([InvoiceLineId]),
    FOREIGN KEY ([InvoiceId]) REFERENCES [Invoice] ([InvoiceId]) 
		ON DELETE NO ACTION ON UPDATE NO ACTION,
    FOREIGN KEY ([TrackId]) REFERENCES [Track] ([TrackId]) 
		ON DELETE NO ACTION ON UPDATE NO ACTION
)"
